{
	"skins": {
		"eui.Button": "resource/eui_skins/ButtonSkin.exml",
		"eui.CheckBox": "resource/eui_skins/CheckBoxSkin.exml",
		"eui.HScrollBar": "resource/eui_skins/HScrollBarSkin.exml",
		"eui.HSlider": "resource/eui_skins/HSliderSkin.exml",
		"eui.Panel": "resource/eui_skins/PanelSkin.exml",
		"eui.TextInput": "resource/eui_skins/TextInputSkin.exml",
		"eui.ProgressBar": "resource/eui_skins/ProgressBarSkin.exml",
		"eui.RadioButton": "resource/eui_skins/RadioButtonSkin.exml",
		"eui.Scroller": "resource/eui_skins/ScrollerSkin.exml",
		"eui.ToggleSwitch": "resource/eui_skins/ToggleSwitchSkin.exml",
		"eui.VScrollBar": "resource/eui_skins/VScrollBarSkin.exml",
		"eui.VSlider": "resource/eui_skins/VSliderSkin.exml",
		"eui.ItemRenderer": "resource/eui_skins/ItemRendererSkin.exml"
	},
	"autoGenerateExmlsList": true,
	"exmls": [
		"resource/eui_skins/ButtonSkin.exml",
		"resource/eui_skins/CheckBoxSkin.exml",
		"resource/eui_skins/HScrollBarSkin.exml",
		"resource/eui_skins/HSliderSkin.exml",
		"resource/eui_skins/ItemRendererSkin.exml",
		"resource/eui_skins/PanelSkin.exml",
		"resource/eui_skins/ProgressBarSkin.exml",
		"resource/eui_skins/RadioButtonSkin.exml",
		"resource/eui_skins/ScrollerSkin.exml",
		"resource/eui_skins/TextInputSkin.exml",
		"resource/eui_skins/ToggleSwitchSkin.exml",
		"resource/eui_skins/VScrollBarSkin.exml",
		"resource/eui_skins/VSliderSkin.exml",
		"resource/eui/AdvertisementPage.exml",
		"resource/eui/BackBtn.exml",
		"resource/eui/MyButton3Skin.exml",
		"resource/eui/bzItem.exml",
		"resource/eui/ChatIcon.exml",
		"resource/eui/ComingUI.exml",
		"resource/eui/commLoading.exml",
		"resource/eui/ContactusPage.exml",
		"resource/eui/DownSBAlert.exml",
		"resource/eui/EmpowerPage.exml",
		"resource/eui/FriendItem.exml",
		"resource/eui/FriendsUI.exml",
		"resource/eui/GIPItem.exml",
		"resource/eui/GIPP1.exml",
		"resource/eui/GIPP2records.exml",
		"resource/eui/GIPP3.exml",
		"resource/eui/GIPP3records.exml",
		"resource/eui/GIPVItem.exml",
		"resource/eui/GIPVItem2.exml",
		"resource/eui/GIPWDItem.exml",
		"resource/eui/GipWithdrawalRecords.exml",
		"resource/eui/GLTransferAutPage.exml",
		"resource/eui/GoogleAuthenticatorPage.exml",
		"resource/eui/HomeView.exml",
		"resource/eui/JDPage1.exml",
		"resource/eui/JDPage3.exml",
		"resource/eui/JDPage4.exml",
		"resource/eui/JDPage4Item1.exml",
		"resource/eui/JDPage4Item2.exml",
		"resource/eui/JDPageItem.exml",
		"resource/eui/LoginView.exml",
		"resource/eui/UserToolUI.exml",
		"resource/eui/MainView.exml",
		"resource/eui/MorepowerPage.exml",
		"resource/eui/MyButtonSkin.exml",
		"resource/eui/MyButtonSkin5.exml",
		"resource/eui/MyInput.exml",
		"resource/eui/MyPopWindow.exml",
		"resource/eui/NavsUI.exml",
		"resource/eui/PeopleItem.exml",
		"resource/eui/PromptItem.exml",
		"resource/eui/PromptItem2.exml",
		"resource/eui/PromptItem3.exml",
		"resource/eui/RegisterView.exml",
		"resource/eui/saiboPage.exml",
		"resource/eui/ShareView.exml",
		"resource/eui/TeamPage.exml",
		"resource/eui/TeamView.exml",
		"resource/eui/Toolclose2UI.exml",
		"resource/eui/ToolView.exml",
		"resource/eui/UserInfoUI.exml",
		"resource/eui/UserInfoUIGIP.exml",
		"resource/eui/UserToolUIGIP.exml",
		"resource/eui/voteHView.exml",
		"resource/eui/voteListA.exml",
		"resource/eui/voteListH.exml",
		"resource/eui/voteListS.exml",
		"resource/eui/voteSureUi.exml",
		"resource/eui/voteTJUi.exml",
		"resource/eui/VoteView.exml",
		"resource/eui/WalletHistoryItem.exml",
		"resource/eui/WalletHistoryUi.exml",
		"resource/eui/WalletView.exml",
		"resource/eui/WhitePage.exml"
	],
	"path": "resource/default.thm.json"
}